<beans xmlns="http://www.springframework.org/schema/beans"
		xmlns:xsi="http://www.w3.org/2001/XMLSchema-instance"
		xmlns:aop="http://www.springframework.org/schema/aop"
		xmlns:p="http://www.springframework.org/schema/p"
		xmlns:context="http://www.springframework.org/schema/context"
		xmlns:mvc="http://www.springframework.org/schema/mvc"
		xmlns:tx="http://www.springframework.org/schema/tx"
		xmlns:jms="http://www.springframework.org/schema/jms"
		xmlns:amq="http://activemq.apache.org/schema/core"
		xmlns:oxm="http://www.springframework.org/schema/oxm"
		xmlns:util="http://www.springframework.org/schema/util"
		xmlns:task="http://www.springframework.org/schema/task"
		xsi:schemaLocation="http://www.springframework.org/schema/beans
	    	http://www.springframework.org/schema/beans/spring-beans.xsd
	    	http://www.springframework.org/schema/context
	    	http://www.springframework.org/schema/context/spring-context.xsd
	    	http://www.springframework.org/schema/mvc
	    	http://www.springframework.org/schema/mvc/spring-mvc.xsd
	    	http://www.springframework.org/schema/tx
	    	http://www.springframework.org/schema/tx/spring-tx-2.0.xsd
			http://www.springframework.org/schema/jms
	        http://www.springframework.org/schema/jms/spring-jms.xsd
	        http://activemq.apache.org/schema/core
	        http://activemq.apache.org/schema/core/activemq-core.xsd
	       	http://www.springframework.org/schema/oxm
	       	http://www.springframework.org/schema/oxm/spring-oxm.xsd
	       	http://www.springframework.org/schema/util
	       	http://www.springframework.org/schema/util/spring-util.xsd
	        http://www.springframework.org/schema/aop
	        http://www.springframework.org/schema/aop/spring-aop-3.0.xsd
	   		http://www.springframework.org/schema/task
			http://www.springframework.org/schema/task/spring-task-3.0.xsd">

<bean id="hikariConfig"
        class="com.zaxxer.hikari.HikariConfig">
        <property name="driverClassName" value="org.postgresql.Driver" />
        <property name="jdbcUrl" value="jdbc:postgresql://localhost:5432/mpay_pgsql_dbase?currentSchema=fss"/>
        <property name="username">
            <value>root</value>
        </property>
        <property name="password">
            <value>root123</value>
        </property>
        <property name="connectionTimeout"><value>20000</value></property>
        <property name="idleTimeout"><value>500000</value></property>
        <property name="maxLifetime"><value>1600000 </value></property>
        <property name="minimumIdle"><value>10</value></property>
        <property name="maximumPoolSize"><value>40</value></property>
        <property name="poolName">
        <value>simulator</value>
        </property>
         <property name="dataSourceProperties">
			<props>
			 
			    <prop key="cachePrepStmts">true</prop>
			    <prop key="useServerPrepStmts">true</prop> 
				<prop key="statementCacheSize">512</prop>
				<prop key="prepStmtCacheSize">256</prop>
				<prop key="prepStmtCacheSqlLimit">2048</prop>
             </props>

        </property>
        
        </bean>
	
	<bean id="simulatorDataSource" class="com.zaxxer.hikari.HikariDataSource" destroy-method="close">
    <constructor-arg ref="hikariConfig" />
	</bean>
	
	<bean id="jdbcTemplate" class="org.springframework.jdbc.core.JdbcTemplate" primary="true">
		<property name="dataSource" ref="simulatorDataSource"></property>
	</bean>

	<bean id="namedParameterJdbcTemplate" class="org.springframework.jdbc.core.namedparam.NamedParameterJdbcTemplate">
		<constructor-arg ref="simulatorDataSource"></constructor-arg>
	</bean>

	<tx:annotation-driven transaction-manager="transactionManager" proxy-target-class="false" />
	<bean id="transactionManager"
		class="org.springframework.jdbc.datasource.DataSourceTransactionManager">
		<property name="dataSource" ref="simulatorDataSource"></property>
	</bean>

			
</beans>
